fetchedAt,channelId,channelTitle,videoId,title,publishedAt,views,likes,comments,duration,durationSec,categoryId,tags,position
2025-10-07T03:51:08+00:00,UCJV4dvSN1E08gC2-HU1ppyA,KOY Music Group,mzVRkF7rHD0,MIXTAPE TIKTOK 2025 - NẮNG DƯỚI CHÂN MÂY (DUCBUI REMIX) - NHÌN BẦU TRỜI TỐI DƯỚI ÁNH ĐÈN MỜ DẦN LỐI,2025-08-10T12:01:34Z,2427,23,1,PT1H40S,3640,10,koy|koy music|koy music group|nhac tiktok|nhạc tiktok|tiktok remix|tiktok remix 2022|tiktok remix 2023|nhac xu huong tiktok|nhạc xu hướng tiktok,0
2025-10-07T03:51:08+00:00,UCJV4dvSN1E08gC2-HU1ppyA,KOY Music Group,hCKnDRiW7Mk,Thanh Tị (Hoàng Đức Remix) - Nhạc Trung Remix Căng Cực 2025,2025-07-19T12:48:15Z,6258,49,13,PT5M20S,320,10,koy|koy music|koy music group|nhac tiktok|nhạc tiktok|tiktok remix|tiktok remix 2022|tiktok remix 2023|nhac xu huong tiktok|nhạc xu hướng tiktok,1
2025-10-07T03:51:08+00:00,UCJV4dvSN1E08gC2-HU1ppyA,KOY Music Group,xWCKxiwOGEI,Where U At (LD Remix) - Andree Right Hand x JC Hưng | Quá Khứ Kia Của Anh Chỉ Toàn Là Hot TikTok,2025-05-13T14:14:36Z,11235,92,1,PT4M34S,274,10,koy|koy music|koy music group|nhac tiktok|nhạc tiktok|tiktok remix|tiktok remix 2022|tiktok remix 2023|nhac xu huong tiktok|nhạc xu hướng tiktok|andree right hand|andree|where u at|where u at remix|where u at andree right hand|where u at remix tiktok|where u at tiktok|where u at jc hưng|jc hưng|quá khứ kia của anh|quá khứ kia của anh remix|quá khư kia của anh chỉ còn lại những giá băng|jd|jd remix|andree right hand jc hưng|jc hung|music tiktok,2
2025-10-07T03:51:08+00:00,UCJV4dvSN1E08gC2-HU1ppyA,KOY Music Group,bGig-Tt8RA0,Đâu Phải Cho Anh (Natra x Rimi Remix) - Phát Lee x TVk | Vậy Trái Tim Người Đem Trao Cho Ai Remix,2025-05-03T11:37:52Z,13278,46,2,PT5M11S,311,10,koy|koy music|koy music group|nhac tiktok|nhạc tiktok|tiktok remix|tiktok remix 2022|tiktok remix 2023|nhac xu huong tiktok|nhạc xu hướng tiktok|dau phai cho anh|đâu phải cho anh|dau phai cho anh phat lee x tvk|đâu phải cho anh phát lee x tvk|phat lee|tvk|phát lee|dau phai cho anh remix|đâu phải cho anh remix|dau phai cho anh remix tiktok|đâu phải cho anh remix tiktok|Vậy Trái Tim Người Đem Trao Cho Ai Remix|natra x rimi|natra x rimi remix,3
2025-10-07T03:51:08+00:00,UCJV4dvSN1E08gC2-HU1ppyA,KOY Music Group,T7yYF1Lwjv8,"Cô Gái À, Em Đừng Khóc Nữa (Đông x Thazh Remix) - Thiên Tú | Nhạc Viral Hot Trend Tiktok 2025",2025-04-12T08:59:36Z,30016,234,3,PT3M27S,207,10,koy music group|nhac tiktok|nhạc tiktok|tiktok remix|tiktok remix 2025|nhac xu huong tiktok|nhạc xu hướng tiktok|thien tu|thiên tú|thien tu hot tiktok|thiên tú hot tiktok|co gai a remix|cô gái à remix|co gai a em dung khoc nua|cô gái à em đừng khóc nữa|co gai a em dung khoc nua remix|co gai a em dung khoc nua thien tu|cô gái à em đừng khóc nữa thiên tú|co gai a em dung khoc nua tiktok|thazh x dong remix|thazh x đông remix|nhac viral tiktok,4
2025-10-07T03:51:08+00:00,UCJV4dvSN1E08gC2-HU1ppyA,KOY Music Group,y0xWI0ORaU8,[MIXTAPE] ĐÁY BIỂN X BAD HABITS (MINHAK X JAPANDEE REMIX) | LIST NHẠC QUẨY TẾT 2025,2025-01-08T11:01:57Z,30296,325,11,PT1H6M51S,4011,10,koy|koy music|koy music group|nhac tiktok|nhạc tiktok|tiktok remix|tiktok remix 2022|tiktok remix 2023|nhac xu huong tiktok|nhạc xu hướng tiktok|minhak|minh ak|minhak remix|minh ak remix|japandee|japandee remix|day bien|đáy biển|day bien remix|đáy biển remix|day bien minhak|đáy biển minhak|bad habits japandee|bad habits japandee remix,5
2025-10-07T03:51:08+00:00,UCJV4dvSN1E08gC2-HU1ppyA,KOY Music Group,IBq9weyPZ3o,3IN1 - Tứ Ngã x Cảm Giác Tội Lỗi x Quy Linh (Minh AK Remix) ~ Nhạc Phiêu Tiktok 2025,2024-12-16T13:00:11Z,12803,117,7,PT5M20S,320,10,koy|koy music|koy music group|nhac tiktok|nhạc tiktok|tiktok remix|tiktok remix 2022|tiktok remix 2023|nhac xu huong tiktok|nhạc xu hướng tiktok,6
2025-10-07T03:51:08+00:00,UCJV4dvSN1E08gC2-HU1ppyA,KOY Music Group,Ny4w4pZWnIs,Vạn Niên Tư 2 - MinhAK Remix | Cực Phẩm Quẩy Tết 2025,2024-11-25T12:50:31Z,18158,144,6,PT5M37S,337,10,koy|koy music|koy music group|nhac tiktok|nhạc tiktok|tiktok remix|tiktok remix 2022|tiktok remix 2023|nhac xu huong tiktok|nhạc xu hướng tiktok,7
2025-10-07T03:51:08+00:00,UCJV4dvSN1E08gC2-HU1ppyA,KOY Music Group,ANNFGlJWi-s,Nhất Xuất Hảo Hí - MinhAK Remix | Nhạc Chill Tiktok 2024,2024-11-11T12:20:14Z,12511,79,4,PT5M39S,339,10,koy|koy music|koy music group|nhac tiktok|nhạc tiktok|tiktok remix|tiktok remix 2022|tiktok remix 2023|nhac xu huong tiktok|nhạc xu hướng tiktok|nhat xuat hao hi|nhất xuất hảo hí|nhat xuat hao hi remix|nhất xuất hảo hí remix|nhat xuat hao hi minhak|nhất xuất hảo hí minhak|nhat xuat hao hi minhak remix|nhất xuất hảo hí minhak remix|minhak|minhak remix|nhac chill tiktok|nhạc chill tiktok,8
2025-10-07T03:51:08+00:00,UCJV4dvSN1E08gC2-HU1ppyA,KOY Music Group,5rWVgOQDU5E,Công Tử A (Wilin Remix) ~ Nhạc Hoa Remix Tiktok 2024,2024-09-27T12:00:26Z,6750,75,5,PT3M21S,201,10,koy|koy music|koy music group|nhac tiktok|nhạc tiktok|tiktok remix|tiktok remix 2022|tiktok remix 2023|nhac xu huong tiktok|nhạc xu hướng tiktok,9
2025-10-07T03:51:08+00:00,UCJV4dvSN1E08gC2-HU1ppyA,KOY Music Group,jAC9gjPhLWs,SEFF - Hawak Remix | Nhạc Tẩm Đá Hot Tiktok 2024,2024-09-07T10:45:04Z,13646,118,1,PT2M52S,172,10,koy|koy music|koy music group|nhac tiktok|nhạc tiktok|tiktok remix|tiktok remix 2022|tiktok remix 2023|nhac xu huong tiktok|nhạc xu hướng tiktok|seff|seff hawak|seff hawak remix|hawak|hawak remix|nhac tam da tiktok|nhạc tẩm đá tiktok,10
2025-10-07T03:51:08+00:00,UCJV4dvSN1E08gC2-HU1ppyA,KOY Music Group,-EEMpoKKtp4,Nếu Ví Anh Như - Hawak Remix | Nhạc Trung Remix Hot Tiktok 2024,2024-08-06T12:50:48Z,36558,194,1,PT3M31S,211,10,koy|koy music|koy music group|nhac tiktok|nhạc tiktok|tiktok remix|tiktok remix 2022|tiktok remix 2023|nhac xu huong tiktok|nhạc xu hướng tiktok,11
2025-10-07T03:51:08+00:00,UCJV4dvSN1E08gC2-HU1ppyA,KOY Music Group,0fUtSVZVr4g,Nếu Ví Anh Như (TVS Remix) | Nhạc Trung Remix Viral Tiktok 2024,2024-07-04T11:07:29Z,60287,287,4,PT4M12S,252,10,koy|koy music|koy music group|nhac tiktok|nhạc tiktok|tiktok remix|tiktok remix 2022|tiktok remix 2023|nhac xu huong tiktok|nhạc xu hướng tiktok,12
2025-10-07T03:51:08+00:00,UCJV4dvSN1E08gC2-HU1ppyA,KOY Music Group,SMEnRgtMTKY,"Nếu Ví Anh Như (ShinnCV Remix) | Tụi Mình Chừng Nào Gặp Mặt Nhau, Vào Lúc Hoa Nở Xuân Năm Tới Tiktok",2024-07-03T11:16:56Z,38028,487,6,PT4M43S,283,10,koy|koy music|koy music group|nhac tiktok|nhạc tiktok|tiktok remix|tiktok remix 2022|tiktok remix 2023|nhac xu huong tiktok|nhạc xu hướng tiktok|neu vi anh nhu|nếu ví anh như|neu vi anh nhu shinncv|nếu ví anh như shinncv|neu vi anh nhu shinncv remix|nếu ví anh như shinncv remix|shinncv|shinncv remix|neu vi anh nhu tiktok|nếu ví anh như tiktok|neu vi anh nhu thazh remix|thazh remix|neu vi anh nhu remix tiktok|nếu ví anh như remix tiktok,13
2025-10-07T03:51:08+00:00,UCJV4dvSN1E08gC2-HU1ppyA,KOY Music Group,-YzzfpsqS8g,Từ Cửu Môn Hồi Ức - TVS Remix | Cực Phẩm Nhạc Trung Hot Tiktok 2024,2024-06-26T11:52:32Z,32551,198,12,PT5M28S,328,10,koy|koy music|koy music group|nhac tiktok|nhạc tiktok|tiktok remix|tiktok remix 2022|tiktok remix 2023|nhac xu huong tiktok|nhạc xu hướng tiktok,14
2025-10-07T03:51:08+00:00,UCJV4dvSN1E08gC2-HU1ppyA,KOY Music Group,dJXRLYr86W8,Nhân Sinh Quán ft. Từ Cửu Môn Hồi Ức (TVS Remix) - Jin Tuấn Nam,2024-06-08T11:07:52Z,22474,193,9,PT3M56S,236,10,koy|koy music|koy music group|nhac tiktok|nhạc tiktok|tiktok remix|tiktok remix 2022|tiktok remix 2023|nhac xu huong tiktok|nhạc xu hướng tiktok,15
2025-10-07T03:51:08+00:00,UCJV4dvSN1E08gC2-HU1ppyA,KOY Music Group,vbrbtBPy72U,Sẵn Sàng Yêu Em Đi Thôi (TVS Remix) - WONI x Minh Tú | Tích tịch tình tang Con cua bò ngang vạn kiếp,2024-06-07T09:24:46Z,18755,141,5,PT4M40S,280,10,koy|koy music|koy music group|nhac tiktok|nhạc tiktok|tiktok remix|tiktok remix 2022|tiktok remix 2023|nhac xu huong tiktok|nhạc xu hướng tiktok,16
2025-10-07T03:51:08+00:00,UCJV4dvSN1E08gC2-HU1ppyA,KOY Music Group,8Ux-f6_D4Uw,Nhân Sinh Quán (Từ Cửu Môn Hồi Ức) - Jin Tuấn Nam [TVS Remix] | Đông Thuỷ Ngoạn Tây Núi Cao Remix,2024-06-04T10:51:10Z,11936,82,7,PT5M39S,339,10,koy music group|nhac tiktok|nhạc tiktok|tiktok remix|tiktok remix 2022|tiktok remix 2023|nhac xu huong tiktok|nhạc xu hướng tiktok|nhan sinh quan|nhân sinh quán|nhan sinh quan remix|nhan sinh quan jin tuan nam|nhân sinh quán jin tuấn nam|nhan sinh quan jin tuan nam remix|nhân sinh quán jin tuấn nam remix|jin tuan nam|jin tuấn nam|jin tuan nam remix|jin tuấn nam remix|thich minh tue|thích minh tuệ|nhac thich minh tue|nhac thich minh tue remix,17
2025-10-07T03:51:08+00:00,UCJV4dvSN1E08gC2-HU1ppyA,KOY Music Group,p6FhCfTmBeQ,MIXTAPE 2024 - CỰC PHẨM TRÍCH TIÊN X TAMADA (JAPANDEE X VUQUAN REMIX) - NHẠC VIRAL TIKTOK 2024,2024-05-24T10:13:31Z,87537,1006,38,PT52M5S,3125,10,koy|koy music|koy music group|nhac tiktok|nhạc tiktok|tiktok remix|tiktok remix 2022|tiktok remix 2023|nhac xu huong tiktok|nhạc xu hướng tiktok,18
2025-10-07T03:51:08+00:00,UCJV4dvSN1E08gC2-HU1ppyA,KOY Music Group,g7O3VNf3S14,Trích Tiên (VuQuan Remix) | Nhạc Trung Remix Hot Trend Tiktok 2024,2024-05-17T11:02:04Z,4010021,13320,141,PT4M55S,295,10,koy|koy music|koy music group|nhac tiktok|nhạc tiktok|tiktok remix|tiktok remix 2022|tiktok remix 2023|nhac xu huong tiktok|nhạc xu hướng tiktok|trich tien|trích tiên|trich tien remix|trích tiên remix|trich tien vuquan|trích tiên vuquan|trich tien vuquan remix|trích tiên vuquan remix|vuquan|vuquan remix,19
2025-10-07T03:51:08+00:00,UCJV4dvSN1E08gC2-HU1ppyA,KOY Music Group,vRbPIsfUHQU,(1 Hour) TAMADA - JAPANDEE Remix | Nhạc Hot Trend Trượt Tuyến Tiktok,2024-05-09T13:09:30Z,100205,850,21,PT1H2M13S,3733,10,koy|koy music|koy music group|nhac tiktok|nhạc tiktok|tiktok remix|tiktok remix 2022|tiktok remix 2023|nhac xu huong tiktok|nhạc xu hướng tiktok,20
2025-10-07T03:51:08+00:00,UCJV4dvSN1E08gC2-HU1ppyA,KOY Music Group,31F6zvk5Yk0,MIXTAPE NHẠC ĐÁ - TAMADA X HAVANA VER FIX (JAPANDEE REMIX) - FULL SET NHẠC HOT TIKTOK 2024,2024-04-15T10:53:29Z,414313,4707,106,PT51M57S,3117,10,koy|koy music|koy music group|nhac tiktok|nhạc tiktok|tiktok remix|tiktok remix 2022|tiktok remix 2023|nhac xu huong tiktok|nhạc xu hướng tiktok|tamada|tamada remix|tamada japandee|tamada japandee remix|japandee|japandee remix|havana japandee|havana ver fix japandee,21
2025-10-07T03:51:08+00:00,UCJV4dvSN1E08gC2-HU1ppyA,KOY Music Group,0xWq3PYk0BY,Ôi Mất Rìu - Thế Anh Shinichi x Puddingiln (Hawak x Dobin Remix),2024-03-25T13:24:51Z,97977,543,17,PT3M39S,219,10,koy|koy music|koy music group|nhac tiktok|nhạc tiktok|tiktok remix|tiktok remix 2022|tiktok remix 2023|nhac xu huong tiktok|nhạc xu hướng tiktok,22
2025-10-07T03:51:08+00:00,UCJV4dvSN1E08gC2-HU1ppyA,KOY Music Group,oJS4tawIxpM,Đêm Ở Ulan Bator (BT Remix) | Nhạc Trung Xu Hướng Tiktok 2024,2024-02-20T11:49:48Z,81944,589,18,PT5M13S,313,10,koy|koy music|koy music group|nhac tiktok|nhạc tiktok|tiktok remix|tiktok remix 2022|tiktok remix 2023|nhac xu huong tiktok|nhạc xu hướng tiktok,23
2025-10-07T03:51:08+00:00,UCJV4dvSN1E08gC2-HU1ppyA,KOY Music Group,GnYs1sXM9fs,Buttons (Đăng Long Remix) | Nhạc Nghe Mùng 1 Tết!,2024-02-10T11:01:50Z,245721,1762,21,PT4M47S,287,10,koy|koy music|koy music group|nhac tiktok|nhạc tiktok|tiktok remix|tiktok remix 2022|tiktok remix 2023|nhac xu huong tiktok|nhạc xu hướng tiktok,24
2025-10-07T03:51:08+00:00,UCJV4dvSN1E08gC2-HU1ppyA,KOY Music Group,VNyf0e-3Rl4,Nhạc Này Dính Quá x Du Kinh (ShinnCV Remix) | Congratulations 100N Subscribers,2024-01-18T13:12:17Z,62967,765,20,PT3M51S,231,10,koy|koy music|koy music group|nhac tiktok|nhạc tiktok|tiktok remix|tiktok remix 2022|tiktok remix 2023|nhac xu huong tiktok|nhạc xu hướng tiktok,25
2025-10-07T03:51:08+00:00,UCJV4dvSN1E08gC2-HU1ppyA,KOY Music Group,GlDNRNG8HZ0,Từ Cửu Môn Hồi Ức - Silver Smoke Remix | Bản Nhạc Huyền Thoại Xu Hướng Tiktok,2024-01-11T11:26:51Z,34383,351,15,PT3M50S,230,10,koy|koy music|koy music group|nhac tiktok|nhạc tiktok|tiktok remix|tiktok remix 2022|tiktok remix 2023|nhac xu huong tiktok|nhạc xu hướng tiktok,26
2025-10-07T03:51:08+00:00,UCJV4dvSN1E08gC2-HU1ppyA,KOY Music Group,a21U5pX8T0I,MIXTAPE 2023 - CỰC PHẨM TAMADA (JAPANDEE REMIX) - NHẠC HOT TREND TRƯỢT TUYẾT TIKTOK 2023,2023-12-29T11:30:00Z,36350,454,22,PT59M59S,3599,10,koy|koy music|koy music group|nhac tiktok|nhạc tiktok|tiktok remix|tiktok remix 2022|tiktok remix 2023|nhac xu huong tiktok|nhạc xu hướng tiktok,27
2025-10-07T03:51:08+00:00,UCJV4dvSN1E08gC2-HU1ppyA,KOY Music Group,ObM9dpxq94s,Tiểu Nạp - Silver Smoke Remix | Nhạc Hoa Remix Xu Hướng Tiktok 2024,2023-12-23T06:00:11Z,47258,562,15,PT6M25S,385,10,koy|koy music|koy music group|nhac tiktok|nhạc tiktok|tiktok remix|tiktok remix 2022|tiktok remix 2023|nhac xu huong tiktok|nhạc xu hướng tiktok,28
2025-10-07T03:51:08+00:00,UCJV4dvSN1E08gC2-HU1ppyA,KOY Music Group,f9Ty3r01rQw,Sao Trên Trời (Silver Smoke Remix) | Nhạc Remix Xu Hướng Tiktok 2023,2023-12-10T12:43:50Z,430963,3162,59,PT7M12S,432,10,koy|koy music|koy music group|nhac tiktok|nhạc tiktok|tiktok remix|tiktok remix 2022|tiktok remix 2023|nhac xu huong tiktok|nhạc xu hướng tiktok|sao tren troi|sao trên trời|sao tren troi remix|sao trên trời remix|sao tren troi silver smoke|sao trên trời silver smoke|sao tren troi silver smoke remix|sao trên trời silver smoke remix|silver smoke|smoke media,29
2025-10-07T03:51:08+00:00,UCJV4dvSN1E08gC2-HU1ppyA,KOY Music Group,uhPFujz5-gk,Không Qua Được Vòng Luân Hồi (Silver Smoke Remix) | Nhạc Xu Hướng Tiktok 2023,2023-12-03T10:25:00Z,5309964,25385,325,PT5M27S,327,10,koy|koy music|koy music group|nhac tiktok|nhạc tiktok|tiktok remix|tiktok remix 2022|tiktok remix 2023|nhac xu huong tiktok|nhạc xu hướng tiktok,30
2025-10-07T03:51:08+00:00,UCJV4dvSN1E08gC2-HU1ppyA,KOY Music Group,spFq8hs9_Kc,Em Có Nhớ Anh Không - Hiya (Danxi Remix) | Nhạc Hot Tiktok 2023,2023-11-24T09:05:40Z,40608,375,2,PT4M30S,270,10,koy|koy music|koy music group|nhac tiktok|nhạc tiktok|tiktok remix|tiktok remix 2022|tiktok remix 2023|nhac xu huong tiktok|nhạc xu hướng tiktok|em co nho anh khong|em có nhớ anh không|em co nho anh khong hiya|em có nhớ anh không hiya|em co nho anh khong remix|em có nhớ anh không remix|em co nho anh khong hiya remix|em có nhớ anh không hiya remix|em co nho anh khong danxi|em có nhớ anh không danxi|em co nho anh khong danxi remix,31
2025-10-07T03:51:08+00:00,UCJV4dvSN1E08gC2-HU1ppyA,KOY Music Group,IZhf5dwhIu4,Nothing Stopping Me (Silver Smoke Remix) | Congratulations T1 🏆,2023-11-23T08:07:22Z,570045,5044,76,PT4M44S,284,10,koy|koy music|koy music group|nhac tiktok|nhạc tiktok|tiktok remix|tiktok remix 2022|tiktok remix 2023|nhac xu huong tiktok|nhạc xu hướng tiktok,32
2025-10-07T03:51:08+00:00,UCJV4dvSN1E08gC2-HU1ppyA,KOY Music Group,qWu3wW7CWJ8,Điều Chưa Nói (Danxi Remix) | Mùa Đông Sẽ Ấm Hơn Khi Trong Tim Có Người Mình Thương Remix,2023-11-21T11:05:12Z,107042,797,10,PT3M8S,188,10,koy|koy music|koy music group|nhac tiktok|nhạc tiktok|tiktok remix|tiktok remix 2022|tiktok remix 2023|nhac xu huong tiktok|nhạc xu hướng tiktok|dieu chua noi|điều chưa nói|dieu chua noi remix|điều chưa nói remix|dieu chua noi danxi|điều chưa nói danxi|dieu chua noi danxi remix|điều chưa nói danxi remix|danxi|danxi remix|con nhieu dieu chua noi chenh venh em chang thay duong ra,33
2025-10-07T03:51:08+00:00,UCJV4dvSN1E08gC2-HU1ppyA,KOY Music Group,9jYRQ2MVYUA,(1 Hour) Một Vòng Quay Thời Gian Ta Là Bụi Là Sương Là Gió Remix - Tâm/Mer (Danxi Remix),2023-11-20T11:16:59Z,49479,544,22,PT1H26S,3626,10,koy|koy music|koy music group|nhac tiktok|nhạc tiktok|tiktok remix|tiktok remix 2022|tiktok remix 2023|nhac xu huong tiktok|nhạc xu hướng tiktok|tam|tâm|tam remix|tâm remix|tam mer|tâm mer|tam mer remix|tâm mer remix|tam mer danxi|tam mer danxi remix|tâm mer danxi remix|danxi|danxi remix|mot vong quay thoi gian ta la bui la suong la gio|một vòng quay thời gian ta là bụi là sương là gió|mot vong quay thoi gian ta la bui la suong la gio remix,34
2025-10-07T03:51:08+00:00,UCJV4dvSN1E08gC2-HU1ppyA,KOY Music Group,qs9PgTeC_Co,Xin Em Hãy Yêu Thương Cho Người Dưng Ở Khắp Trần Gian Remix - Tâm Remix/Mer | Nhạc Remix Hot Tiktok,2023-11-18T12:05:49Z,50438,476,16,PT2M26S,146,10,koy|koy music|koy music group|nhac tiktok|nhạc tiktok|tiktok remix|tiktok remix 2022|tiktok remix 2023|nhac xu huong tiktok|nhạc xu hướng tiktok|tam|tam remix|tam mer|tâm|tâm remix|tâm mer|tam mer remix|tâm mer remix|tam koy music group|tâm koy music group,35
2025-10-07T03:51:08+00:00,UCJV4dvSN1E08gC2-HU1ppyA,KOY Music Group,I9JZlX2p3VM,Tứ Ngã - VanTrung Remix | Nhạc Hoa Hot Tiktok 2023,2023-11-15T08:03:35Z,18038,168,4,PT3M56S,236,10,koy|koy music|koy music group|nhac tiktok|nhạc tiktok|tiktok remix|tiktok remix 2022|tiktok remix 2023|nhac xu huong tiktok|nhạc xu hướng tiktok,36
2025-10-07T03:51:08+00:00,UCJV4dvSN1E08gC2-HU1ppyA,KOY Music Group,5K_mik_QHUs,Tát Nhật Lãng Rực Rỡ (XmaXa Remix) | Nhạc Hoa Xu Hướng Tiktok 2023,2023-11-09T10:49:35Z,15067,203,16,PT2M44S,164,10,koy|koy music|koy music group|nhac tiktok|nhạc tiktok|tiktok remix|tiktok remix 2022|tiktok remix 2023|nhac xu huong tiktok|nhạc xu hướng tiktok|tat nhat lang ruc ro|tát nhật lãng rực rỡ|tat nhat lang ruc ro xmaxa|tát nhật lãng rực rỡ xmaxa|tat nhat lang ruc ro tiktok|tát nhật lãng rực rỡ tiktok|tat nhat lang ruc ro xmaxa remix|tát nhật lãng rực rỡ xmaxa remix,37
2025-10-07T03:51:08+00:00,UCJV4dvSN1E08gC2-HU1ppyA,KOY Music Group,LykQx2jXdao,Do Anh Nghèo x Túy Hồng Nhan (Minh Phùng x Việt Mino Remix),2023-10-26T11:08:22Z,736398,4954,155,PT5M32S,332,10,koy|koy music|koy music group|nhac tiktok|nhạc tiktok|tiktok remix|tiktok remix 2022|tiktok remix 2023|nhac xu huong tiktok|nhạc xu hướng tiktok,38
2025-10-07T03:51:08+00:00,UCJV4dvSN1E08gC2-HU1ppyA,KOY Music Group,pv6rgr3mmx0,MIXTAPE 2023 - NHẠC TRUNG GIAM ĐIỆU CHILL NHƯNG SAD - GIÁ NHƯ PHẢI NÓI NẾU NHƯ (BT REMIX),2023-10-22T06:04:09Z,21982,367,22,PT55M51S,3351,10,koy|koy music|koy music group|nhac tiktok|nhạc tiktok|tiktok remix|tiktok remix 2022|tiktok remix 2023|nhac xu huong tiktok|nhạc xu hướng tiktok,39
2025-10-07T03:51:08+00:00,UCJV4dvSN1E08gC2-HU1ppyA,KOY Music Group,VMwC4bKzitc,MIXTAPE 2023 - ÂM NHẠC ĐẬM CHẤT MAFIA IN TƠ LÉT XU HƯỚNG TIKTOK - TAMADA (JAPANDEE REMIX),2023-10-20T11:39:16Z,56125,869,32,PT48M21S,2901,10,koy|koy music|koy music group|nhac tiktok|nhạc tiktok|tiktok remix|tiktok remix 2022|tiktok remix 2023|nhac xu huong tiktok|nhạc xu hướng tiktok|tamada|tamada remix|tamada japandee|tamada japandee remix|japandee|japandee remix|am nhac mafia|âm nhạc mafia|am nhac mafia tiktok|âm nhạc mafia tiktok,40
2025-10-07T03:51:08+00:00,UCJV4dvSN1E08gC2-HU1ppyA,KOY Music Group,IMg5XVjq-_o,Authentic x Mohican (ShinnCV Remix) | Nhạc Check Var Ở Một Phiên Bản Khác,2023-10-10T10:45:02Z,45545,641,28,PT4M30S,270,10,koy|koy music|koy music group|nhac tiktok|nhạc tiktok|tiktok remix|tiktok remix 2022|tiktok remix 2023|nhac xu huong tiktok|nhạc xu hướng tiktok|authentic|authentic remix|authentic check var|authentic shinncv|authentic shinncv remix|shinncv|shinncv remix|authentic tiktok|authetic remix tiktok,41
2025-10-07T03:51:08+00:00,UCJV4dvSN1E08gC2-HU1ppyA,KOY Music Group,0Z2t3imlV9Y,Unstoppable (ShinnCV Remix) | Bản Nhạc Huyền Thoại Đầy Uy Lực Remix Tiktok,2023-09-16T10:28:29Z,39131,682,21,PT5M11S,311,10,koy|koy music|koy music group|nhac tiktok|nhạc tiktok|tiktok remix|tiktok remix 2022|tiktok remix 2023|nhac xu huong tiktok|nhạc xu hướng tiktok|Unstoppable|unstoppable remix|unstoppable shinncv|unstoppable shinncv remix|shinncv|shinncv remix|nhạc tiktok remix|nhac tiktok remix,42
2025-10-07T03:51:08+00:00,UCJV4dvSN1E08gC2-HU1ppyA,KOY Music Group,mSZfsa9Qdng,Thanh Trừ (Minh Phùng Remix) | Nhạc Hoa Remix Hot Tiktok 2023,2023-09-11T10:22:11Z,670202,4156,49,PT3M5S,185,10,koy|koy music|koy music group|nhac tiktok|nhạc tiktok|tiktok remix|tiktok remix 2022|tiktok remix 2023|nhac xu huong tiktok|nhạc xu hướng tiktok,43
2025-10-07T03:51:08+00:00,UCJV4dvSN1E08gC2-HU1ppyA,KOY Music Group,Pq1dv7pXd5s,Fiction (ShinnCV Remix) | Bản Nhạc Huyền Thoại Qua Bàn Tay Pháp Sư VN,2023-09-07T10:33:19Z,54331,548,12,PT5M2S,302,10,koy|koy music|koy music group|nhac tiktok|nhạc tiktok|tiktok remix|tiktok remix 2022|tiktok remix 2023|nhac xu huong tiktok|nhạc xu hướng tiktok|fiction|fiction remix|fiction shinncv|fiction shinncv remix|shinncv|shinncv remix|ban nhac huyen thoai|bản nhạc huyền thoại|phap su vn|pháp sư vn,44
2025-10-07T03:51:08+00:00,UCJV4dvSN1E08gC2-HU1ppyA,KOY Music Group,1OYxMdZvbQA,Havana - Đăng Long Remix | Nhạc Trend Xu Hướng Tiktok 2023,2023-09-04T08:31:43Z,52285,430,9,PT4M48S,288,10,koy|koy music|koy music group|nhac tiktok|nhạc tiktok|tiktok remix|tiktok remix 2022|tiktok remix 2023|nhac xu huong tiktok|nhạc xu hướng tiktok,45
2025-10-07T03:51:08+00:00,UCJV4dvSN1E08gC2-HU1ppyA,KOY Music Group,PbqqtQxqhZM,[MIXTAPE] SIÊU PHẨM FRACTURES X FADED (THEREON REMIX) - WOLVES REMIX VIRAL TIKTOK 2023,2023-09-01T10:59:09Z,139645,2163,64,PT55M40S,3340,10,koy|koy music|koy music group|nhac tiktok|nhạc tiktok|tiktok remix|tiktok remix 2022|tiktok remix 2023|nhac xu huong tiktok|nhạc xu hướng tiktok,46
2025-10-07T03:51:08+00:00,UCJV4dvSN1E08gC2-HU1ppyA,KOY Music Group,N740BI7ht4U,Chào mừng em đến với nhà của bọn anh (Thereon Remix) | Nhạc Hot Trend Tiktok 2023,2023-08-28T10:30:12Z,1087318,7973,258,PT4M41S,281,10,koy|koy music|koy music group|nhac tiktok|nhạc tiktok|tiktok remix|tiktok remix 2022|tiktok remix 2023|nhac xu huong tiktok|nhạc xu hướng tiktok|chao mung em den voi nha cua bon anh|chào mừng em đến với nhà của bọn anh|chao mung em den voi nha cua bon anh remix|chào mừng em đến với nhà của bọn anh remix|chao mung em den voi nha cua bon anh thereon remix|chào mừng em đến với nhà của bọn anh thereon remix|fractures|fractures thereon|fractures thereon remix|thereon,47
2025-10-07T03:51:08+00:00,UCJV4dvSN1E08gC2-HU1ppyA,KOY Music Group,OkFcegv5wMs,[MIXTAPE] NHẠC TẨM ĐÁ VOL. 01 - WOLVES - TAMADA - HABIBI VER 2 (JAPAN REMIX) - HOT TIKTOK 2023,2023-08-25T10:46:17Z,116239,1668,44,PT49M5S,2945,10,koy|koy music|koy music group|nhac tiktok|nhạc tiktok|tiktok remix|tiktok remix 2022|tiktok remix 2023|nhac xu huong tiktok|nhạc xu hướng tiktok,48
2025-10-07T03:51:08+00:00,UCJV4dvSN1E08gC2-HU1ppyA,KOY Music Group,XG6xDm1j4og,Gặp Em Đúng Lúc - Đăng Long Remix | Nhạc Hoa Hot Tiktok 2023,2023-08-22T11:11:22Z,107807,1081,31,PT4M54S,294,10,koy|koy music|koy music group|nhac tiktok|nhạc tiktok|tiktok remix|tiktok remix 2022|tiktok remix 2023|nhac xu huong tiktok|nhạc xu hướng tiktok,49
